location,avg_temperature,avg_humidity
BuildingA_Floor1,24.905907172995775,55.04156118143459
BuildingB_Floor2,25.21036144578313,55.16301204819276
BuildingA_Floor2,24.629074074074083,54.0851111111111
BuildingB_Floor1,25.30254098360655,54.81204918032784
