location,avg_temperature,avg_humidity
BuildingA_Floor1,25.04168874172186,55.28758278145696
BuildingB_Floor2,24.5730452674897,54.000082304526714
BuildingA_Floor2,25.616141078838154,54.90381742738589
BuildingB_Floor1,24.67285046728973,55.40471962616823
