hour_of_day,avg_temp
12,26.308837209302325
22,25.851999999999997
1,25.38
13,25.46404255319148
16,25.74756097560975
6,23.747058823529414
3,25.088378378378376
20,24.7308
5,25.872000000000003
19,22.976190476190474
15,24.00146341463414
17,24.99468085106384
9,24.91119047619048
4,26.597209302325588
8,25.57250000000001
23,23.9225
7,25.330487804878054
10,25.230645161290326
21,24.565624999999994
11,25.952647058823526
14,24.468800000000005
2,26.148292682926826
0,23.681944444444447
18,23.125999999999998
